date,datetime,hour,day_of_week,is_weekend,traffic_volume,avg_speed
2024-11-01,2024-11-01 00:00:00,0,Friday,False,531,49.37612046405653
2024-11-01,2024-11-01 01:00:00,1,Friday,False,679,46.41723557536845
2024-11-01,2024-11-01 02:00:00,2,Friday,False,352,52.95996270565598
2024-11-01,2024-11-01 03:00:00,3,Friday,False,353,52.93721483691521
2024-11-01,2024-11-01 04:00:00,4,Friday,False,625,47.48901168912204
2024-11-01,2024-11-01 05:00:00,5,Friday,False,339,53.21091752110484
2024-11-01,2024-11-01 06:00:00,6,Friday,False,675,46.499689039905796
2024-11-01,2024-11-01 07:00:00,7,Friday,False,2512,20.0
2024-11-01,2024-11-01 08:00:00,8,Friday,False,2818,20.0
2024-11-01,2024-11-01 09:00:00,9,Friday,False,2809,20.0
2024-11-01,2024-11-01 10:00:00,10,Friday,False,1675,26.48566133871443
2024-11-01,2024-11-01 11:00:00,11,Friday,False,1602,27.958465799529385
2024-11-01,2024-11-01 12:00:00,12,Friday,False,1826,23.468123997048373
2024-11-01,2024-11-01 13:00:00,13,Friday,False,1604,27.91217105962484
2024-11-01,2024-11-01 14:00:00,14,Friday,False,1633,27.33453060147167
2024-11-01,2024-11-01 15:00:00,15,Friday,False,1684,26.30174948382087
2024-11-01,2024-11-01 16:00:00,16,Friday,False,1670,26.597769408094436
2024-11-01,2024-11-01 17:00:00,17,Friday,False,4202,20.0
2024-11-01,2024-11-01 18:00:00,18,Friday,False,2910,20.0
2024-11-01,2024-11-01 19:00:00,19,Friday,False,3577,20.0
2024-11-01,2024-11-01 20:00:00,20,Friday,False,360,52.78658256217172
2024-11-01,2024-11-01 21:00:00,21,Friday,False,343,53.13677845977372
2024-11-01,2024-11-01 22:00:00,22,Friday,False,443,51.13305841526562
2024-11-01,2024-11-01 23:00:00,23,Friday,False,457,50.846296764739876
2024-11-02,2024-11-02 00:00:00,0,Saturday,True,682,46.35721345980803
2024-11-02,2024-11-02 01:00:00,1,Saturday,True,1035,39.284537014748956
2024-11-02,2024-11-02 02:00:00,2,Saturday,True,1039,39.2040332337598
2024-11-02,2024-11-02 03:00:00,3,Saturday,True,822,43.54482884739495
2024-11-02,2024-11-02 04:00:00,4,Saturday,True,425,51.489085164717196
2024-11-02,2024-11-02 05:00:00,5,Saturday,True,412,51.75570360927907
2024-11-02,2024-11-02 06:00:00,6,Saturday,True,604,47.91500552556398
2024-11-02,2024-11-02 07:00:00,7,Saturday,True,871,42.569257906419715
2024-11-02,2024-11-02 08:00:00,8,Saturday,True,573,48.53168462304791
2024-11-02,2024-11-02 09:00:00,9,Saturday,True,513,49.72318563037044
2024-11-02,2024-11-02 10:00:00,10,Saturday,True,1727,25.442474568710118
2024-11-02,2024-11-02 11:00:00,11,Saturday,True,2135,20.0
2024-11-02,2024-11-02 12:00:00,12,Saturday,True,1600,27.98982102697532
2024-11-02,2024-11-02 13:00:00,13,Saturday,True,2307,20.0
2024-11-02,2024-11-02 14:00:00,14,Saturday,True,2077,20.0
2024-11-02,2024-11-02 15:00:00,15,Saturday,True,1715,25.686262181698652
2024-11-02,2024-11-02 16:00:00,16,Saturday,True,2421,20.0
2024-11-02,2024-11-02 17:00:00,17,Saturday,True,1671,26.578360120646018
2024-11-02,2024-11-02 18:00:00,18,Saturday,True,1747,25.04671321908924
2024-11-02,2024-11-02 19:00:00,19,Saturday,True,2290,20.0
2024-11-02,2024-11-02 20:00:00,20,Saturday,True,2373,20.0
2024-11-02,2024-11-02 21:00:00,21,Saturday,True,491,50.16247055031589
2024-11-02,2024-11-02 22:00:00,22,Saturday,True,866,42.6606508387292
2024-11-02,2024-11-02 23:00:00,23,Saturday,True,861,42.76980102614043
2024-11-03,2024-11-03 00:00:00,0,Sunday,True,703,45.934044470412566
2024-11-03,2024-11-03 01:00:00,1,Sunday,True,382,52.34626513391686
2024-11-03,2024-11-03 02:00:00,2,Sunday,True,430,51.39430367018863
2024-11-03,2024-11-03 03:00:00,3,Sunday,True,589,48.20754892594955
2024-11-03,2024-11-03 04:00:00,4,Sunday,True,897,42.05641626843402
2024-11-03,2024-11-03 05:00:00,5,Sunday,True,679,46.41482592617466
2024-11-03,2024-11-03 06:00:00,6,Sunday,True,491,50.163541087807914
2024-11-03,2024-11-03 07:00:00,7,Sunday,True,534,49.30061640359096
2024-11-03,2024-11-03 08:00:00,8,Sunday,True,1016,39.663134460138195
2024-11-03,2024-11-03 09:00:00,9,Sunday,True,837,43.240135097845425
2024-11-03,2024-11-03 10:00:00,10,Sunday,True,2159,20.0
2024-11-03,2024-11-03 11:00:00,11,Sunday,True,2411,20.0
2024-11-03,2024-11-03 12:00:00,12,Sunday,True,2490,20.0
2024-11-03,2024-11-03 13:00:00,13,Sunday,True,1676,26.47563832563182
2024-11-03,2024-11-03 14:00:00,14,Sunday,True,1702,25.94510880959369
2024-11-03,2024-11-03 15:00:00,15,Sunday,True,2485,20.0
2024-11-03,2024-11-03 16:00:00,16,Sunday,True,1510,29.796174707309277
2024-11-03,2024-11-03 17:00:00,17,Sunday,True,1810,23.78311410459453
2024-11-03,2024-11-03 18:00:00,18,Sunday,True,1567,28.654858893421057
2024-11-03,2024-11-03 19:00:00,19,Sunday,True,2356,20.0
2024-11-03,2024-11-03 20:00:00,20,Sunday,True,2100,20.0
2024-11-03,2024-11-03 21:00:00,21,Sunday,True,676,46.46986400433614
2024-11-03,2024-11-03 22:00:00,22,Sunday,True,928,41.42113228642917
2024-11-03,2024-11-03 23:00:00,23,Sunday,True,670,46.58924374462705
2024-11-04,2024-11-04 00:00:00,0,Monday,False,401,51.97115742113627
2024-11-04,2024-11-04 01:00:00,1,Monday,False,605,47.89787575830596
2024-11-04,2024-11-04 02:00:00,2,Monday,False,311,53.77362673762791
2024-11-04,2024-11-04 03:00:00,3,Monday,False,714,45.702960971758785
2024-11-04,2024-11-04 04:00:00,4,Monday,False,371,52.56676444865569
2024-11-04,2024-11-04 05:00:00,5,Monday,False,751,44.96151581062044
2024-11-04,2024-11-04 06:00:00,6,Monday,False,669,46.61301330082459
2024-11-04,2024-11-04 07:00:00,7,Monday,False,2862,20.0
2024-11-04,2024-11-04 08:00:00,8,Monday,False,2943,20.0
2024-11-04,2024-11-04 09:00:00,9,Monday,False,3155,20.0
2024-11-04,2024-11-04 10:00:00,10,Monday,False,1648,27.024738555469646
2024-11-04,2024-11-04 11:00:00,11,Monday,False,1556,28.87420551308626
2024-11-04,2024-11-04 12:00:00,12,Monday,False,1548,29.039478580073247
2024-11-04,2024-11-04 13:00:00,13,Monday,False,1661,26.77991512640861
2024-11-04,2024-11-04 14:00:00,14,Monday,False,1659,26.800213995692886
2024-11-04,2024-11-04 15:00:00,15,Monday,False,1703,25.922253361175237
2024-11-04,2024-11-04 16:00:00,16,Monday,False,1803,23.92672818844025
2024-11-04,2024-11-04 17:00:00,17,Monday,False,3639,20.0
2024-11-04,2024-11-04 18:00:00,18,Monday,False,2961,20.0
2024-11-04,2024-11-04 19:00:00,19,Monday,False,4204,20.0
2024-11-04,2024-11-04 20:00:00,20,Monday,False,442,51.146069777122406
2024-11-04,2024-11-04 21:00:00,21,Monday,False,716,45.671314366652076
2024-11-04,2024-11-04 22:00:00,22,Monday,False,535,49.286727634211104
2024-11-04,2024-11-04 23:00:00,23,Monday,False,374,52.51834963943387
2024-11-05,2024-11-05 00:00:00,0,Tuesday,False,770,44.596403768511564
2024-11-05,2024-11-05 01:00:00,1,Tuesday,False,455,50.89289549280023
2024-11-05,2024-11-05 02:00:00,2,Tuesday,False,715,45.68734200265409
2024-11-05,2024-11-05 03:00:00,3,Tuesday,False,785,44.29673750789151
2024-11-05,2024-11-05 04:00:00,4,Tuesday,False,569,48.61270618615108
2024-11-05,2024-11-05 05:00:00,5,Tuesday,False,411,51.77661223084406
2024-11-05,2024-11-05 06:00:00,6,Tuesday,False,544,49.11994728239671
2024-11-05,2024-11-05 07:00:00,7,Tuesday,False,2686,20.0
2024-11-05,2024-11-05 08:00:00,8,Tuesday,False,2335,20.0
2024-11-05,2024-11-05 09:00:00,9,Tuesday,False,3165,20.0
2024-11-05,2024-11-05 10:00:00,10,Tuesday,False,1725,25.494303004785863
2024-11-05,2024-11-05 11:00:00,11,Tuesday,False,1758,24.82896474209361
2024-11-05,2024-11-05 12:00:00,12,Tuesday,False,1744,25.106638130050662
2024-11-05,2024-11-05 13:00:00,13,Tuesday,False,1952,20.954596513413804
2024-11-05,2024-11-05 14:00:00,14,Tuesday,False,1853,22.92417822056686
2024-11-05,2024-11-05 15:00:00,15,Tuesday,False,1505,29.88174088623394
2024-11-05,2024-11-05 16:00:00,16,Tuesday,False,1549,29.01982756836206
2024-11-05,2024-11-05 17:00:00,17,Tuesday,False,3882,20.0
2024-11-05,2024-11-05 18:00:00,18,Tuesday,False,3971,20.0
2024-11-05,2024-11-05 19:00:00,19,Tuesday,False,3755,20.0
2024-11-05,2024-11-05 20:00:00,20,Tuesday,False,587,48.2485730641575
2024-11-05,2024-11-05 21:00:00,21,Tuesday,False,415,51.693763152454444
2024-11-05,2024-11-05 22:00:00,22,Tuesday,False,398,52.03021507563457
2024-11-05,2024-11-05 23:00:00,23,Tuesday,False,582,48.34957644781394
2024-11-06,2024-11-06 00:00:00,0,Wednesday,False,840,43.19689781021738
2024-11-06,2024-11-06 01:00:00,1,Wednesday,False,737,45.24474002052145
2024-11-06,2024-11-06 02:00:00,2,Wednesday,False,334,53.31821084805783
2024-11-06,2024-11-06 03:00:00,3,Wednesday,False,562,48.75854434147368
2024-11-06,2024-11-06 04:00:00,4,Wednesday,False,837,43.25985495576715
2024-11-06,2024-11-06 05:00:00,5,Wednesday,False,436,51.26105949800072
2024-11-06,2024-11-06 06:00:00,6,Wednesday,False,699,46.01997566896243
2024-11-06,2024-11-06 07:00:00,7,Wednesday,False,2699,20.0
2024-11-06,2024-11-06 08:00:00,8,Wednesday,False,3570,20.0
2024-11-06,2024-11-06 09:00:00,9,Wednesday,False,2822,20.0
2024-11-06,2024-11-06 10:00:00,10,Wednesday,False,1984,20.306831313810967
2024-11-06,2024-11-06 11:00:00,11,Wednesday,False,1575,28.484046550850334
2024-11-06,2024-11-06 12:00:00,12,Wednesday,False,2032,20.0
2024-11-06,2024-11-06 13:00:00,13,Wednesday,False,1923,21.532668898444612
2024-11-06,2024-11-06 14:00:00,14,Wednesday,False,1610,27.791941233268496
2024-11-06,2024-11-06 15:00:00,15,Wednesday,False,2022,20.0
2024-11-06,2024-11-06 16:00:00,16,Wednesday,False,2093,20.0
2024-11-06,2024-11-06 17:00:00,17,Wednesday,False,3414,20.0
2024-11-06,2024-11-06 18:00:00,18,Wednesday,False,3870,20.0
2024-11-06,2024-11-06 19:00:00,19,Wednesday,False,3857,20.0
2024-11-06,2024-11-06 20:00:00,20,Wednesday,False,720,45.58272274520739
2024-11-06,2024-11-06 21:00:00,21,Wednesday,False,448,51.036379069510936
2024-11-06,2024-11-06 22:00:00,22,Wednesday,False,534,49.31077859616054
2024-11-06,2024-11-06 23:00:00,23,Wednesday,False,537,49.253135742218646
2024-11-07,2024-11-07 00:00:00,0,Thursday,False,451,50.97353261359766
2024-11-07,2024-11-07 01:00:00,1,Thursday,False,286,54.278401665866255
2024-11-07,2024-11-07 02:00:00,2,Thursday,False,691,46.171780137231025
2024-11-07,2024-11-07 03:00:00,3,Thursday,False,365,52.69705048136416
2024-11-07,2024-11-07 04:00:00,4,Thursday,False,646,47.07871118952492
2024-11-07,2024-11-07 05:00:00,5,Thursday,False,560,48.78524451347665
2024-11-07,2024-11-07 06:00:00,6,Thursday,False,327,53.44231630778005
2024-11-07,2024-11-07 07:00:00,7,Thursday,False,3124,20.0
2024-11-07,2024-11-07 08:00:00,8,Thursday,False,3533,20.0
2024-11-07,2024-11-07 09:00:00,9,Thursday,False,2909,20.0
2024-11-07,2024-11-07 10:00:00,10,Thursday,False,1810,23.78760660490576
2024-11-07,2024-11-07 11:00:00,11,Thursday,False,1574,28.509638707233197
2024-11-07,2024-11-07 12:00:00,12,Thursday,False,1652,26.947145115273734
2024-11-07,2024-11-07 13:00:00,13,Thursday,False,1993,20.136692477460763
2024-11-07,2024-11-07 14:00:00,14,Thursday,False,1593,28.137919134960015
2024-11-07,2024-11-07 15:00:00,15,Thursday,False,1499,30.01231470909603
2024-11-07,2024-11-07 16:00:00,16,Thursday,False,1850,22.984434210970242
2024-11-07,2024-11-07 17:00:00,17,Thursday,False,3434,20.0
2024-11-07,2024-11-07 18:00:00,18,Thursday,False,4133,20.0
2024-11-07,2024-11-07 19:00:00,19,Thursday,False,3542,20.0
2024-11-07,2024-11-07 20:00:00,20,Thursday,False,484,50.31842637342854
2024-11-07,2024-11-07 21:00:00,21,Thursday,False,502,49.94728553968652
2024-11-07,2024-11-07 22:00:00,22,Thursday,False,283,54.327830053261174
2024-11-07,2024-11-07 23:00:00,23,Thursday,False,293,54.133354393995354
2024-11-08,2024-11-08 00:00:00,0,Friday,False,757,44.85256218598657
2024-11-08,2024-11-08 01:00:00,1,Friday,False,493,50.122253748290014
2024-11-08,2024-11-08 02:00:00,2,Friday,False,542,49.14175852114102
2024-11-08,2024-11-08 03:00:00,3,Friday,False,381,52.370273357901176
2024-11-08,2024-11-08 04:00:00,4,Friday,False,510,49.78359891325519
2024-11-08,2024-11-08 05:00:00,5,Friday,False,561,48.77224775253461
2024-11-08,2024-11-08 06:00:00,6,Friday,False,499,50.00854453067345
2024-11-08,2024-11-08 07:00:00,7,Friday,False,3217,20.0
2024-11-08,2024-11-08 08:00:00,8,Friday,False,2945,20.0
2024-11-08,2024-11-08 09:00:00,9,Friday,False,2643,20.0
2024-11-08,2024-11-08 10:00:00,10,Friday,False,1539,29.21568536079894
2024-11-08,2024-11-08 11:00:00,11,Friday,False,1999,20.00292630952397
2024-11-08,2024-11-08 12:00:00,12,Friday,False,1742,25.147331072922597
2024-11-08,2024-11-08 13:00:00,13,Friday,False,1744,25.10196230807128
2024-11-08,2024-11-08 14:00:00,14,Friday,False,1925,21.483196802076193
2024-11-08,2024-11-08 15:00:00,15,Friday,False,2141,20.0
2024-11-08,2024-11-08 16:00:00,16,Friday,False,1460,30.79455132602772
2024-11-08,2024-11-08 17:00:00,17,Friday,False,2639,20.0
2024-11-08,2024-11-08 18:00:00,18,Friday,False,3019,20.0
2024-11-08,2024-11-08 19:00:00,19,Friday,False,2780,20.0
2024-11-08,2024-11-08 20:00:00,20,Friday,False,653,46.92887211050858
2024-11-08,2024-11-08 21:00:00,21,Friday,False,676,46.47243426553122
2024-11-08,2024-11-08 22:00:00,22,Friday,False,373,52.5357722988824
2024-11-08,2024-11-08 23:00:00,23,Friday,False,660,46.782788470433815
2024-11-09,2024-11-09 00:00:00,0,Saturday,True,892,42.158185879483455
2024-11-09,2024-11-09 01:00:00,1,Saturday,True,532,49.350017540053145
2024-11-09,2024-11-09 02:00:00,2,Saturday,True,902,41.94893216161835
2024-11-09,2024-11-09 03:00:00,3,Saturday,True,976,40.46147634974771
2024-11-09,2024-11-09 04:00:00,4,Saturday,True,657,46.84672874399488
2024-11-09,2024-11-09 05:00:00,5,Saturday,True,656,46.86881710426461
2024-11-09,2024-11-09 06:00:00,6,Saturday,True,902,41.958942371743746
2024-11-09,2024-11-09 07:00:00,7,Saturday,True,893,42.12356927677611
2024-11-09,2024-11-09 08:00:00,8,Saturday,True,499,50.01879817172643
2024-11-09,2024-11-09 09:00:00,9,Saturday,True,749,45.01877540264312
2024-11-09,2024-11-09 10:00:00,10,Saturday,True,1964,20.71952040249637
2024-11-09,2024-11-09 11:00:00,11,Saturday,True,1704,25.912471745304607
2024-11-09,2024-11-09 12:00:00,12,Saturday,True,2208,20.0
2024-11-09,2024-11-09 13:00:00,13,Saturday,True,1983,20.338511750526507
2024-11-09,2024-11-09 14:00:00,14,Saturday,True,2486,20.0
2024-11-09,2024-11-09 15:00:00,15,Saturday,True,2109,20.0
2024-11-09,2024-11-09 16:00:00,16,Saturday,True,1731,25.364746897304514
2024-11-09,2024-11-09 17:00:00,17,Saturday,True,2282,20.0
2024-11-09,2024-11-09 18:00:00,18,Saturday,True,2424,20.0
2024-11-09,2024-11-09 19:00:00,19,Saturday,True,1589,28.211391719867805
2024-11-09,2024-11-09 20:00:00,20,Saturday,True,1572,28.54024822151844
2024-11-09,2024-11-09 21:00:00,21,Saturday,True,716,45.67046755783141
2024-11-09,2024-11-09 22:00:00,22,Saturday,True,563,48.724217261659476
2024-11-09,2024-11-09 23:00:00,23,Saturday,True,511,49.775937576368456
2024-11-10,2024-11-10 00:00:00,0,Sunday,True,709,45.81141055841194
2024-11-10,2024-11-10 01:00:00,1,Sunday,True,468,50.62860082402608
2024-11-10,2024-11-10 02:00:00,2,Sunday,True,472,50.555661015463045
2024-11-10,2024-11-10 03:00:00,3,Sunday,True,754,44.904541232042
2024-11-10,2024-11-10 04:00:00,4,Sunday,True,494,50.104239170759605
2024-11-10,2024-11-10 05:00:00,5,Sunday,True,608,47.83191869535052
2024-11-10,2024-11-10 06:00:00,6,Sunday,True,967,40.658351188725874
2024-11-10,2024-11-10 07:00:00,7,Sunday,True,1041,39.16298735319566
2024-11-10,2024-11-10 08:00:00,8,Sunday,True,573,48.52739226141246
2024-11-10,2024-11-10 09:00:00,9,Sunday,True,876,42.4718573711513
2024-11-10,2024-11-10 10:00:00,10,Sunday,True,2080,20.0
2024-11-10,2024-11-10 11:00:00,11,Sunday,True,1608,27.82358000747233
2024-11-10,2024-11-10 12:00:00,12,Sunday,True,1501,29.96238651643901
2024-11-10,2024-11-10 13:00:00,13,Sunday,True,1437,31.246874188536168
2024-11-10,2024-11-10 14:00:00,14,Sunday,True,1665,26.68406874460881
2024-11-10,2024-11-10 15:00:00,15,Sunday,True,2283,20.0
2024-11-10,2024-11-10 16:00:00,16,Sunday,True,2400,20.0
2024-11-10,2024-11-10 17:00:00,17,Sunday,True,1917,21.652910601559277
2024-11-10,2024-11-10 18:00:00,18,Sunday,True,1883,22.33444946445794
2024-11-10,2024-11-10 19:00:00,19,Sunday,True,1654,26.914793024731843
2024-11-10,2024-11-10 20:00:00,20,Sunday,True,1663,26.72241626941092
2024-11-10,2024-11-10 21:00:00,21,Sunday,True,787,44.254511650007146
2024-11-10,2024-11-10 22:00:00,22,Sunday,True,449,51.018736141288855
2024-11-10,2024-11-10 23:00:00,23,Sunday,True,986,40.27767990448707
2024-11-11,2024-11-11 00:00:00,0,Monday,False,638,47.224707275338474
2024-11-11,2024-11-11 01:00:00,1,Monday,False,540,49.1855588851391
2024-11-11,2024-11-11 02:00:00,2,Monday,False,639,47.20666253443484
2024-11-11,2024-11-11 03:00:00,3,Monday,False,308,53.82828922946389
2024-11-11,2024-11-11 04:00:00,4,Monday,False,835,43.28574625450712
2024-11-11,2024-11-11 05:00:00,5,Monday,False,540,49.189794895945106
2024-11-11,2024-11-11 06:00:00,6,Monday,False,411,51.773461421845376
2024-11-11,2024-11-11 07:00:00,7,Monday,False,2876,20.0
2024-11-11,2024-11-11 08:00:00,8,Monday,False,2823,20.0
2024-11-11,2024-11-11 09:00:00,9,Monday,False,3812,20.0
2024-11-11,2024-11-11 10:00:00,10,Monday,False,1862,22.751402459744433
2024-11-11,2024-11-11 11:00:00,11,Monday,False,1758,24.827697269990196
2024-11-11,2024-11-11 12:00:00,12,Monday,False,1718,25.63902003583624
2024-11-11,2024-11-11 13:00:00,13,Monday,False,2081,20.0
2024-11-11,2024-11-11 14:00:00,14,Monday,False,2064,20.0
2024-11-11,2024-11-11 15:00:00,15,Monday,False,1777,24.456691750724197
2024-11-11,2024-11-11 16:00:00,16,Monday,False,2110,20.0
2024-11-11,2024-11-11 17:00:00,17,Monday,False,2583,20.0
2024-11-11,2024-11-11 18:00:00,18,Monday,False,3453,20.0
2024-11-11,2024-11-11 19:00:00,19,Monday,False,3706,20.0
2024-11-11,2024-11-11 20:00:00,20,Monday,False,582,48.343156619631
2024-11-11,2024-11-11 21:00:00,21,Monday,False,838,43.22666117546281
2024-11-11,2024-11-11 22:00:00,22,Monday,False,714,45.70677200673002
2024-11-11,2024-11-11 23:00:00,23,Monday,False,484,50.311706821616376
2024-11-12,2024-11-12 00:00:00,0,Tuesday,False,352,52.957455371782494
2024-11-12,2024-11-12 01:00:00,1,Tuesday,False,777,44.45888669896701
2024-11-12,2024-11-12 02:00:00,2,Tuesday,False,807,43.856623023046964
2024-11-12,2024-11-12 03:00:00,3,Tuesday,False,745,45.09236847436966
2024-11-12,2024-11-12 04:00:00,4,Tuesday,False,688,46.23603842334122
2024-11-12,2024-11-12 05:00:00,5,Tuesday,False,486,50.27372744999419
2024-11-12,2024-11-12 06:00:00,6,Tuesday,False,793,44.12948812793836
2024-11-12,2024-11-12 07:00:00,7,Tuesday,False,2822,20.0
2024-11-12,2024-11-12 08:00:00,8,Tuesday,False,3029,20.0
2024-11-12,2024-11-12 09:00:00,9,Tuesday,False,2703,20.0
2024-11-12,2024-11-12 10:00:00,10,Tuesday,False,1856,22.87963392791265
2024-11-12,2024-11-12 11:00:00,11,Tuesday,False,1884,22.318892062503693
2024-11-12,2024-11-12 12:00:00,12,Tuesday,False,1797,24.048039616579977
2024-11-12,2024-11-12 13:00:00,13,Tuesday,False,1900,21.981790962248482
2024-11-12,2024-11-12 14:00:00,14,Tuesday,False,1419,31.61345225218109
2024-11-12,2024-11-12 15:00:00,15,Tuesday,False,1922,21.54506968626226
2024-11-12,2024-11-12 16:00:00,16,Tuesday,False,1745,25.085609603156243
2024-11-12,2024-11-12 17:00:00,17,Tuesday,False,2675,20.0
2024-11-12,2024-11-12 18:00:00,18,Tuesday,False,3278,20.0
2024-11-12,2024-11-12 19:00:00,19,Tuesday,False,3229,20.0
2024-11-12,2024-11-12 20:00:00,20,Tuesday,False,729,45.41490877230011
2024-11-12,2024-11-12 21:00:00,21,Tuesday,False,588,48.2281321588776
2024-11-12,2024-11-12 22:00:00,22,Tuesday,False,510,49.791242936928285
2024-11-12,2024-11-12 23:00:00,23,Tuesday,False,796,44.061637619792265
2024-11-13,2024-11-13 00:00:00,0,Wednesday,False,405,51.89188058660832
2024-11-13,2024-11-13 01:00:00,1,Wednesday,False,519,49.60688755416885
2024-11-13,2024-11-13 02:00:00,2,Wednesday,False,580,48.39180310832942
2024-11-13,2024-11-13 03:00:00,3,Wednesday,False,527,49.44803723840533
2024-11-13,2024-11-13 04:00:00,4,Wednesday,False,584,48.307000688426584
2024-11-13,2024-11-13 05:00:00,5,Wednesday,False,312,53.74301989146952
2024-11-13,2024-11-13 06:00:00,6,Wednesday,False,338,53.22640320150384
2024-11-13,2024-11-13 07:00:00,7,Wednesday,False,2713,20.0
2024-11-13,2024-11-13 08:00:00,8,Wednesday,False,2599,20.0
2024-11-13,2024-11-13 09:00:00,9,Wednesday,False,3379,20.0
2024-11-13,2024-11-13 10:00:00,10,Wednesday,False,1713,25.72799419905779
2024-11-13,2024-11-13 11:00:00,11,Wednesday,False,1449,31.00846996087919
2024-11-13,2024-11-13 12:00:00,12,Wednesday,False,1514,29.713915045167447
2024-11-13,2024-11-13 13:00:00,13,Wednesday,False,1457,30.843287882053122
2024-11-13,2024-11-13 14:00:00,14,Wednesday,False,1548,29.038431655765663
2024-11-13,2024-11-13 15:00:00,15,Wednesday,False,1559,28.807055058192997
2024-11-13,2024-11-13 16:00:00,16,Wednesday,False,1818,23.631762229648288
2024-11-13,2024-11-13 17:00:00,17,Wednesday,False,3017,20.0
2024-11-13,2024-11-13 18:00:00,18,Wednesday,False,3256,20.0
2024-11-13,2024-11-13 19:00:00,19,Wednesday,False,4172,20.0
2024-11-13,2024-11-13 20:00:00,20,Wednesday,False,315,53.68422293977309
2024-11-13,2024-11-13 21:00:00,21,Wednesday,False,738,45.239781013392324
2024-11-13,2024-11-13 22:00:00,22,Wednesday,False,369,52.610832936701236
2024-11-13,2024-11-13 23:00:00,23,Wednesday,False,483,50.32531899429939
2024-11-14,2024-11-14 00:00:00,0,Thursday,False,593,48.13684545285037
2024-11-14,2024-11-14 01:00:00,1,Thursday,False,557,48.84875991266621
2024-11-14,2024-11-14 02:00:00,2,Thursday,False,302,53.94840644947889
2024-11-14,2024-11-14 03:00:00,3,Thursday,False,708,45.82841466792402
2024-11-14,2024-11-14 04:00:00,4,Thursday,False,559,48.81182590452901
2024-11-14,2024-11-14 05:00:00,5,Thursday,False,349,53.00265689125235
2024-11-14,2024-11-14 06:00:00,6,Thursday,False,537,49.25719204385931
2024-11-14,2024-11-14 07:00:00,7,Thursday,False,2701,20.0
2024-11-14,2024-11-14 08:00:00,8,Thursday,False,2430,20.0
2024-11-14,2024-11-14 09:00:00,9,Thursday,False,2617,20.0
2024-11-14,2024-11-14 10:00:00,10,Thursday,False,1681,26.365674238018144
2024-11-14,2024-11-14 11:00:00,11,Thursday,False,1861,22.77683397947618
2024-11-14,2024-11-14 12:00:00,12,Thursday,False,1893,22.12009316395359
2024-11-14,2024-11-14 13:00:00,13,Thursday,False,1554,28.901707245604886
2024-11-14,2024-11-14 14:00:00,14,Thursday,False,1881,22.370884023811648
2024-11-14,2024-11-14 15:00:00,15,Thursday,False,1588,28.239439755934345
2024-11-14,2024-11-14 16:00:00,16,Thursday,False,1596,28.061455054339657
2024-11-14,2024-11-14 17:00:00,17,Thursday,False,3625,20.0
2024-11-14,2024-11-14 18:00:00,18,Thursday,False,3541,20.0
2024-11-14,2024-11-14 19:00:00,19,Thursday,False,3341,20.0
2024-11-14,2024-11-14 20:00:00,20,Thursday,False,326,53.46941001709755
2024-11-14,2024-11-14 21:00:00,21,Thursday,False,394,52.114521145506714
2024-11-14,2024-11-14 22:00:00,22,Thursday,False,376,52.4724038667164
2024-11-14,2024-11-14 23:00:00,23,Thursday,False,417,51.652568241188476
2024-11-15,2024-11-15 00:00:00,0,Friday,False,341,53.16431559470608
2024-11-15,2024-11-15 01:00:00,1,Friday,False,553,48.92124408223915
2024-11-15,2024-11-15 02:00:00,2,Friday,False,348,53.02507255255564
2024-11-15,2024-11-15 03:00:00,3,Friday,False,842,43.15799041276219
2024-11-15,2024-11-15 04:00:00,4,Friday,False,674,46.51541757500799
2024-11-15,2024-11-15 05:00:00,5,Friday,False,398,52.03111419622486
2024-11-15,2024-11-15 06:00:00,6,Friday,False,773,44.5326164974263
2024-11-15,2024-11-15 07:00:00,7,Friday,False,2936,20.0
2024-11-15,2024-11-15 08:00:00,8,Friday,False,3064,20.0
2024-11-15,2024-11-15 09:00:00,9,Friday,False,2781,20.0
2024-11-15,2024-11-15 10:00:00,10,Friday,False,1663,26.730948805213387
2024-11-15,2024-11-15 11:00:00,11,Friday,False,1591,28.16250498910514
2024-11-15,2024-11-15 12:00:00,12,Friday,False,1671,26.57936947347484
2024-11-15,2024-11-15 13:00:00,13,Friday,False,1571,28.57535476630404
2024-11-15,2024-11-15 14:00:00,14,Friday,False,1607,27.840552549963014
2024-11-15,2024-11-15 15:00:00,15,Friday,False,1546,29.07358432400144
2024-11-15,2024-11-15 16:00:00,16,Friday,False,1681,26.364386470411567
2024-11-15,2024-11-15 17:00:00,17,Friday,False,3384,20.0
2024-11-15,2024-11-15 18:00:00,18,Friday,False,3218,20.0
2024-11-15,2024-11-15 19:00:00,19,Friday,False,3783,20.0
2024-11-15,2024-11-15 20:00:00,20,Friday,False,526,49.473176468906686
2024-11-15,2024-11-15 21:00:00,21,Friday,False,515,49.696184185505786
2024-11-15,2024-11-15 22:00:00,22,Friday,False,781,44.363252875036544
2024-11-15,2024-11-15 23:00:00,23,Friday,False,378,52.422594422578314
2024-11-16,2024-11-16 00:00:00,0,Saturday,True,901,41.96781019703502
2024-11-16,2024-11-16 01:00:00,1,Saturday,True,461,50.77777105714375
2024-11-16,2024-11-16 02:00:00,2,Saturday,True,795,44.08810513928668
2024-11-16,2024-11-16 03:00:00,3,Saturday,True,512,49.75125526810379
2024-11-16,2024-11-16 04:00:00,4,Saturday,True,485,50.28138141289148
2024-11-16,2024-11-16 05:00:00,5,Saturday,True,529,49.401473590631326
2024-11-16,2024-11-16 06:00:00,6,Saturday,True,802,43.943905336533575
2024-11-16,2024-11-16 07:00:00,7,Saturday,True,661,46.76567079880512
2024-11-16,2024-11-16 08:00:00,8,Saturday,True,675,46.485904645293765
2024-11-16,2024-11-16 09:00:00,9,Saturday,True,647,47.05696120223804
2024-11-16,2024-11-16 10:00:00,10,Saturday,True,1884,22.30573081206692
2024-11-16,2024-11-16 11:00:00,11,Saturday,True,2248,20.0
2024-11-16,2024-11-16 12:00:00,12,Saturday,True,1870,22.587153503127325
2024-11-16,2024-11-16 13:00:00,13,Saturday,True,1900,21.99398016166245
2024-11-16,2024-11-16 14:00:00,14,Saturday,True,2466,20.0
2024-11-16,2024-11-16 15:00:00,15,Saturday,True,1759,24.81738439018781
2024-11-16,2024-11-16 16:00:00,16,Saturday,True,2057,20.0
2024-11-16,2024-11-16 17:00:00,17,Saturday,True,1735,25.2866094210108
2024-11-16,2024-11-16 18:00:00,18,Saturday,True,2134,20.0
2024-11-16,2024-11-16 19:00:00,19,Saturday,True,2532,20.0
2024-11-16,2024-11-16 20:00:00,20,Saturday,True,1589,28.210398129465453
2024-11-16,2024-11-16 21:00:00,21,Saturday,True,575,48.48233304354457
2024-11-16,2024-11-16 22:00:00,22,Saturday,True,425,51.48016271626457
2024-11-16,2024-11-16 23:00:00,23,Saturday,True,922,41.558226994922634
2024-11-17,2024-11-17 00:00:00,0,Sunday,True,644,47.117256302565984
2024-11-17,2024-11-17 01:00:00,1,Sunday,True,498,50.026106804626195
2024-11-17,2024-11-17 02:00:00,2,Sunday,True,466,50.66590368135391
2024-11-17,2024-11-17 03:00:00,3,Sunday,True,816,43.66247383764333
2024-11-17,2024-11-17 04:00:00,4,Sunday,True,561,48.77109504042384
2024-11-17,2024-11-17 05:00:00,5,Sunday,True,855,42.889809862292054
2024-11-17,2024-11-17 06:00:00,6,Sunday,True,823,43.53310301063436
2024-11-17,2024-11-17 07:00:00,7,Sunday,True,534,49.31854635220138
2024-11-17,2024-11-17 08:00:00,8,Sunday,True,550,48.98928964577441
2024-11-17,2024-11-17 09:00:00,9,Sunday,True,735,45.2967581237994
2024-11-17,2024-11-17 10:00:00,10,Sunday,True,2137,20.0
2024-11-17,2024-11-17 11:00:00,11,Sunday,True,1681,26.362699082656647
2024-11-17,2024-11-17 12:00:00,12,Sunday,True,2050,20.0
2024-11-17,2024-11-17 13:00:00,13,Sunday,True,1631,27.37809594033785
2024-11-17,2024-11-17 14:00:00,14,Sunday,True,2463,20.0
2024-11-17,2024-11-17 15:00:00,15,Sunday,True,2382,20.0
2024-11-17,2024-11-17 16:00:00,16,Sunday,True,2053,20.0
2024-11-17,2024-11-17 17:00:00,17,Sunday,True,2120,20.0
2024-11-17,2024-11-17 18:00:00,18,Sunday,True,2015,20.0
2024-11-17,2024-11-17 19:00:00,19,Sunday,True,2641,20.0
2024-11-17,2024-11-17 20:00:00,20,Sunday,True,1799,24.001254362057573
2024-11-17,2024-11-17 21:00:00,21,Sunday,True,1058,38.838642759463
2024-11-17,2024-11-17 22:00:00,22,Sunday,True,514,49.70478894749369
2024-11-17,2024-11-17 23:00:00,23,Sunday,True,925,41.49177358618325
2024-11-18,2024-11-18 00:00:00,0,Monday,False,583,48.32787683846305
2024-11-18,2024-11-18 01:00:00,1,Monday,False,316,53.66819666006433
2024-11-18,2024-11-18 02:00:00,2,Monday,False,631,47.36132286372591
2024-11-18,2024-11-18 03:00:00,3,Monday,False,457,50.85512716345872
2024-11-18,2024-11-18 04:00:00,4,Monday,False,616,47.670960106667444
2024-11-18,2024-11-18 05:00:00,5,Monday,False,458,50.82621050501247
2024-11-18,2024-11-18 06:00:00,6,Monday,False,662,46.75280464629679
2024-11-18,2024-11-18 07:00:00,7,Monday,False,2698,20.0
2024-11-18,2024-11-18 08:00:00,8,Monday,False,2469,20.0
2024-11-18,2024-11-18 09:00:00,9,Monday,False,2949,20.0
2024-11-18,2024-11-18 10:00:00,10,Monday,False,1903,21.928954349329423
2024-11-18,2024-11-18 11:00:00,11,Monday,False,1837,23.246948560254587
2024-11-18,2024-11-18 12:00:00,12,Monday,False,1555,28.883548335979512
2024-11-18,2024-11-18 13:00:00,13,Monday,False,1735,25.289044226954516
2024-11-18,2024-11-18 14:00:00,14,Monday,False,1547,29.051012401408833
2024-11-18,2024-11-18 15:00:00,15,Monday,False,1695,26.080441703194126
2024-11-18,2024-11-18 16:00:00,16,Monday,False,1784,24.309936033250338
2024-11-18,2024-11-18 17:00:00,17,Monday,False,3024,20.0
2024-11-18,2024-11-18 18:00:00,18,Monday,False,3294,20.0
2024-11-18,2024-11-18 19:00:00,19,Monday,False,2857,20.0
2024-11-18,2024-11-18 20:00:00,20,Monday,False,316,53.670064875143474
2024-11-18,2024-11-18 21:00:00,21,Monday,False,531,49.36334954860272
2024-11-18,2024-11-18 22:00:00,22,Monday,False,681,46.37322882867408
2024-11-18,2024-11-18 23:00:00,23,Monday,False,555,48.8893088885729
2024-11-19,2024-11-19 00:00:00,0,Tuesday,False,506,49.87299771022348
2024-11-19,2024-11-19 01:00:00,1,Tuesday,False,353,52.92803889458966
2024-11-19,2024-11-19 02:00:00,2,Tuesday,False,796,44.077893454147336
2024-11-19,2024-11-19 03:00:00,3,Tuesday,False,464,50.71317952807475
2024-11-19,2024-11-19 04:00:00,4,Tuesday,False,610,47.78707386654444
2024-11-19,2024-11-19 05:00:00,5,Tuesday,False,291,54.176211391469415
2024-11-19,2024-11-19 06:00:00,6,Tuesday,False,678,46.42199872342059
2024-11-19,2024-11-19 07:00:00,7,Tuesday,False,2386,20.0
2024-11-19,2024-11-19 08:00:00,8,Tuesday,False,2824,20.0
2024-11-19,2024-11-19 09:00:00,9,Tuesday,False,2320,20.0
2024-11-19,2024-11-19 10:00:00,10,Tuesday,False,1777,24.44384576504573
2024-11-19,2024-11-19 11:00:00,11,Tuesday,False,1730,25.385242576481595
2024-11-19,2024-11-19 12:00:00,12,Tuesday,False,1470,30.59763155646251
2024-11-19,2024-11-19 13:00:00,13,Tuesday,False,1993,20.129336279423654
2024-11-19,2024-11-19 14:00:00,14,Tuesday,False,1875,22.485420728850194
2024-11-19,2024-11-19 15:00:00,15,Tuesday,False,1725,25.483434076373825
2024-11-19,2024-11-19 16:00:00,16,Tuesday,False,1777,24.458137895021935
2024-11-19,2024-11-19 17:00:00,17,Tuesday,False,2582,20.0
2024-11-19,2024-11-19 18:00:00,18,Tuesday,False,2760,20.0
2024-11-19,2024-11-19 19:00:00,19,Tuesday,False,3067,20.0
2024-11-19,2024-11-19 20:00:00,20,Tuesday,False,550,48.98358544204065
2024-11-19,2024-11-19 21:00:00,21,Tuesday,False,686,46.273994335444755
2024-11-19,2024-11-19 22:00:00,22,Tuesday,False,419,51.61255599296855
2024-11-19,2024-11-19 23:00:00,23,Tuesday,False,567,48.64919592547958
2024-11-20,2024-11-20 00:00:00,0,Wednesday,False,600,47.980298175576564
2024-11-20,2024-11-20 01:00:00,1,Wednesday,False,568,48.62669869556198
2024-11-20,2024-11-20 02:00:00,2,Wednesday,False,487,50.253090148918844
2024-11-20,2024-11-20 03:00:00,3,Wednesday,False,632,47.34542957593563
2024-11-20,2024-11-20 04:00:00,4,Wednesday,False,732,45.352234006752866
2024-11-20,2024-11-20 05:00:00,5,Wednesday,False,792,44.15817905001517
2024-11-20,2024-11-20 06:00:00,6,Wednesday,False,463,50.72700678312516
2024-11-20,2024-11-20 07:00:00,7,Wednesday,False,2791,20.0
2024-11-20,2024-11-20 08:00:00,8,Wednesday,False,2981,20.0
2024-11-20,2024-11-20 09:00:00,9,Wednesday,False,2816,20.0
2024-11-20,2024-11-20 10:00:00,10,Wednesday,False,2002,20.0
2024-11-20,2024-11-20 11:00:00,11,Wednesday,False,1513,29.72754341355284
2024-11-20,2024-11-20 12:00:00,12,Wednesday,False,1634,27.31506192447143
2024-11-20,2024-11-20 13:00:00,13,Wednesday,False,1582,28.345370522311587
2024-11-20,2024-11-20 14:00:00,14,Wednesday,False,1654,26.904684249161463
2024-11-20,2024-11-20 15:00:00,15,Wednesday,False,1946,21.077744226584564
2024-11-20,2024-11-20 16:00:00,16,Wednesday,False,1446,31.071694036332197
2024-11-20,2024-11-20 17:00:00,17,Wednesday,False,3201,20.0
2024-11-20,2024-11-20 18:00:00,18,Wednesday,False,3923,20.0
2024-11-20,2024-11-20 19:00:00,19,Wednesday,False,3636,20.0
2024-11-20,2024-11-20 20:00:00,20,Wednesday,False,419,51.60364097298817
2024-11-20,2024-11-20 21:00:00,21,Wednesday,False,497,50.050404796909106
2024-11-20,2024-11-20 22:00:00,22,Wednesday,False,508,49.82463854891379
2024-11-20,2024-11-20 23:00:00,23,Wednesday,False,401,51.97236390949442
2024-11-21,2024-11-21 00:00:00,0,Thursday,False,348,53.0311490748741
2024-11-21,2024-11-21 01:00:00,1,Thursday,False,413,51.733676611401656
2024-11-21,2024-11-21 02:00:00,2,Thursday,False,431,51.36958813813846
2024-11-21,2024-11-21 03:00:00,3,Thursday,False,632,47.344752488673656
2024-11-21,2024-11-21 04:00:00,4,Thursday,False,580,48.39182344104746
2024-11-21,2024-11-21 05:00:00,5,Thursday,False,687,46.25927005485836
2024-11-21,2024-11-21 06:00:00,6,Thursday,False,628,47.434004022960046
2024-11-21,2024-11-21 07:00:00,7,Thursday,False,2410,20.0
2024-11-21,2024-11-21 08:00:00,8,Thursday,False,2817,20.0
2024-11-21,2024-11-21 09:00:00,9,Thursday,False,3054,20.0
2024-11-21,2024-11-21 10:00:00,10,Thursday,False,1757,24.850986371255857
2024-11-21,2024-11-21 11:00:00,11,Thursday,False,1421,31.573769918826432
2024-11-21,2024-11-21 12:00:00,12,Thursday,False,1862,22.751730886414627
2024-11-21,2024-11-21 13:00:00,13,Thursday,False,1820,23.596742036673675
2024-11-21,2024-11-21 14:00:00,14,Thursday,False,1726,25.46411084179126
2024-11-21,2024-11-21 15:00:00,15,Thursday,False,1973,20.52637548442314
2024-11-21,2024-11-21 16:00:00,16,Thursday,False,1665,26.688052952050974
2024-11-21,2024-11-21 17:00:00,17,Thursday,False,2969,20.0
2024-11-21,2024-11-21 18:00:00,18,Thursday,False,3617,20.0
2024-11-21,2024-11-21 19:00:00,19,Thursday,False,3897,20.0
2024-11-21,2024-11-21 20:00:00,20,Thursday,False,395,52.082875084541236
2024-11-21,2024-11-21 21:00:00,21,Thursday,False,770,44.586432282388245
2024-11-21,2024-11-21 22:00:00,22,Thursday,False,725,45.48771149230164
2024-11-21,2024-11-21 23:00:00,23,Thursday,False,691,46.17471964092267
2024-11-22,2024-11-22 00:00:00,0,Friday,False,423,51.52129045157803
2024-11-22,2024-11-22 01:00:00,1,Friday,False,450,50.98695043652357
2024-11-22,2024-11-22 02:00:00,2,Friday,False,700,45.98171127016527
2024-11-22,2024-11-22 03:00:00,3,Friday,False,708,45.83386098409919
2024-11-22,2024-11-22 04:00:00,4,Friday,False,395,52.088173805149914
2024-11-22,2024-11-22 05:00:00,5,Friday,False,687,46.257715855113716
2024-11-22,2024-11-22 06:00:00,6,Friday,False,622,47.55164433755668
2024-11-22,2024-11-22 07:00:00,7,Friday,False,3747,20.0
2024-11-22,2024-11-22 08:00:00,8,Friday,False,3426,20.0
2024-11-22,2024-11-22 09:00:00,9,Friday,False,3593,20.0
2024-11-22,2024-11-22 10:00:00,10,Friday,False,1768,24.625588255746358
2024-11-22,2024-11-22 11:00:00,11,Friday,False,1547,29.045178940958813
2024-11-22,2024-11-22 12:00:00,12,Friday,False,1492,30.151056251320934
2024-11-22,2024-11-22 13:00:00,13,Friday,False,1598,28.022525228943667
2024-11-22,2024-11-22 14:00:00,14,Friday,False,1745,25.09986453648756
2024-11-22,2024-11-22 15:00:00,15,Friday,False,1476,30.478838460286116
2024-11-22,2024-11-22 16:00:00,16,Friday,False,1872,22.547062855367997
2024-11-22,2024-11-22 17:00:00,17,Friday,False,3262,20.0
2024-11-22,2024-11-22 18:00:00,18,Friday,False,3952,20.0
2024-11-22,2024-11-22 19:00:00,19,Friday,False,2786,20.0
2024-11-22,2024-11-22 20:00:00,20,Friday,False,664,46.70657386101225
2024-11-22,2024-11-22 21:00:00,21,Friday,False,741,45.16763599325277
2024-11-22,2024-11-22 22:00:00,22,Friday,False,815,43.68962776079822
2024-11-22,2024-11-22 23:00:00,23,Friday,False,775,44.49776425944524
2024-11-23,2024-11-23 00:00:00,0,Saturday,True,843,43.13122096205608
2024-11-23,2024-11-23 01:00:00,1,Saturday,True,705,45.89063558339397
2024-11-23,2024-11-23 02:00:00,2,Saturday,True,1013,39.72630272289622
2024-11-23,2024-11-23 03:00:00,3,Saturday,True,846,43.06391841015173
2024-11-23,2024-11-23 04:00:00,4,Saturday,True,683,46.32332757079313
2024-11-23,2024-11-23 05:00:00,5,Saturday,True,500,49.981139380496586
2024-11-23,2024-11-23 06:00:00,6,Saturday,True,586,48.26603116448365
2024-11-23,2024-11-23 07:00:00,7,Saturday,True,547,49.05997220066533
2024-11-23,2024-11-23 08:00:00,8,Saturday,True,384,52.31498956613555
2024-11-23,2024-11-23 09:00:00,9,Saturday,True,978,40.43411053226918
2024-11-23,2024-11-23 10:00:00,10,Saturday,True,1952,20.95941040933284
2024-11-23,2024-11-23 11:00:00,11,Saturday,True,1872,22.542332027855345
2024-11-23,2024-11-23 12:00:00,12,Saturday,True,2098,20.0
2024-11-23,2024-11-23 13:00:00,13,Saturday,True,2062,20.0
2024-11-23,2024-11-23 14:00:00,14,Saturday,True,2428,20.0
2024-11-23,2024-11-23 15:00:00,15,Saturday,True,1972,20.546549217984058
2024-11-23,2024-11-23 16:00:00,16,Saturday,True,2357,20.0
2024-11-23,2024-11-23 17:00:00,17,Saturday,True,2515,20.0
2024-11-23,2024-11-23 18:00:00,18,Saturday,True,2113,20.0
2024-11-23,2024-11-23 19:00:00,19,Saturday,True,1618,27.62589644542482
2024-11-23,2024-11-23 20:00:00,20,Saturday,True,1612,27.748190401288042
2024-11-23,2024-11-23 21:00:00,21,Saturday,True,841,43.16520195277249
2024-11-23,2024-11-23 22:00:00,22,Saturday,True,475,50.49020170890929
2024-11-23,2024-11-23 23:00:00,23,Saturday,True,1009,39.80286629496942
2024-11-24,2024-11-24 00:00:00,0,Sunday,True,931,41.36153973162047
2024-11-24,2024-11-24 01:00:00,1,Sunday,True,670,46.58633436811034
2024-11-24,2024-11-24 02:00:00,2,Sunday,True,761,44.7796685376434
2024-11-24,2024-11-24 03:00:00,3,Sunday,True,840,43.19044280773183
2024-11-24,2024-11-24 04:00:00,4,Sunday,True,538,49.23516828035959
2024-11-24,2024-11-24 05:00:00,5,Sunday,True,767,44.6426157033021
2024-11-24,2024-11-24 06:00:00,6,Sunday,True,489,50.215342089665974
2024-11-24,2024-11-24 07:00:00,7,Sunday,True,517,49.64173766132888
2024-11-24,2024-11-24 08:00:00,8,Sunday,True,1018,39.63407809846599
2024-11-24,2024-11-24 09:00:00,9,Sunday,True,974,40.5188212188358
2024-11-24,2024-11-24 10:00:00,10,Sunday,True,2177,20.0
2024-11-24,2024-11-24 11:00:00,11,Sunday,True,1557,28.841398956848725
2024-11-24,2024-11-24 12:00:00,12,Sunday,True,1782,24.345854981384498
2024-11-24,2024-11-24 13:00:00,13,Sunday,True,2221,20.0
2024-11-24,2024-11-24 14:00:00,14,Sunday,True,1492,30.148688840665624
2024-11-24,2024-11-24 15:00:00,15,Sunday,True,1998,20.03648878945873
2024-11-24,2024-11-24 16:00:00,16,Sunday,True,2348,20.0
2024-11-24,2024-11-24 17:00:00,17,Sunday,True,2017,20.0
2024-11-24,2024-11-24 18:00:00,18,Sunday,True,2253,20.0
2024-11-24,2024-11-24 19:00:00,19,Sunday,True,2206,20.0
2024-11-24,2024-11-24 20:00:00,20,Sunday,True,1900,21.98323503731787
2024-11-24,2024-11-24 21:00:00,21,Sunday,True,906,41.87411612655621
2024-11-24,2024-11-24 22:00:00,22,Sunday,True,977,40.455555561640594
2024-11-24,2024-11-24 23:00:00,23,Sunday,True,880,42.38747631930411
2024-11-25,2024-11-25 00:00:00,0,Monday,False,672,46.557830362423026
2024-11-25,2024-11-25 01:00:00,1,Monday,False,640,47.197959472989666
2024-11-25,2024-11-25 02:00:00,2,Monday,False,408,51.83608794229895
2024-11-25,2024-11-25 03:00:00,3,Monday,False,666,46.66731340181581
2024-11-25,2024-11-25 04:00:00,4,Monday,False,659,46.80015961354374
2024-11-25,2024-11-25 05:00:00,5,Monday,False,490,50.19339313415648
2024-11-25,2024-11-25 06:00:00,6,Monday,False,404,51.9086079190857
2024-11-25,2024-11-25 07:00:00,7,Monday,False,3337,20.0
2024-11-25,2024-11-25 08:00:00,8,Monday,False,2399,20.0
2024-11-25,2024-11-25 09:00:00,9,Monday,False,3416,20.0
2024-11-25,2024-11-25 10:00:00,10,Monday,False,1728,25.42656193669761
2024-11-25,2024-11-25 11:00:00,11,Monday,False,1831,23.369328773147835
2024-11-25,2024-11-25 12:00:00,12,Monday,False,1741,25.172650893558895
2024-11-25,2024-11-25 13:00:00,13,Monday,False,1896,22.079311467296428
2024-11-25,2024-11-25 14:00:00,14,Monday,False,1918,21.623398644562506
2024-11-25,2024-11-25 15:00:00,15,Monday,False,1973,20.534991559610766
2024-11-25,2024-11-25 16:00:00,16,Monday,False,1686,26.261891450081727
2024-11-25,2024-11-25 17:00:00,17,Monday,False,3312,20.0
2024-11-25,2024-11-25 18:00:00,18,Monday,False,3292,20.0
2024-11-25,2024-11-25 19:00:00,19,Monday,False,2928,20.0
2024-11-25,2024-11-25 20:00:00,20,Monday,False,484,50.31242555131253
2024-11-25,2024-11-25 21:00:00,21,Monday,False,346,53.062745796192786
2024-11-25,2024-11-25 22:00:00,22,Monday,False,860,42.789562041858844
2024-11-25,2024-11-25 23:00:00,23,Monday,False,624,47.50199124975996
2024-11-26,2024-11-26 00:00:00,0,Tuesday,False,614,47.708840229184055
2024-11-26,2024-11-26 01:00:00,1,Tuesday,False,300,53.99823695854224
2024-11-26,2024-11-26 02:00:00,2,Tuesday,False,573,48.524813707890615
2024-11-26,2024-11-26 03:00:00,3,Tuesday,False,634,47.30589184752223
2024-11-26,2024-11-26 04:00:00,4,Tuesday,False,480,50.3951308975839
2024-11-26,2024-11-26 05:00:00,5,Tuesday,False,508,49.83795843099815
2024-11-26,2024-11-26 06:00:00,6,Tuesday,False,404,51.91351459980288
2024-11-26,2024-11-26 07:00:00,7,Tuesday,False,3015,20.0
2024-11-26,2024-11-26 08:00:00,8,Tuesday,False,2675,20.0
2024-11-26,2024-11-26 09:00:00,9,Tuesday,False,3011,20.0
2024-11-26,2024-11-26 10:00:00,10,Tuesday,False,1837,23.248609698891258
2024-11-26,2024-11-26 11:00:00,11,Tuesday,False,1868,22.631375267398404
2024-11-26,2024-11-26 12:00:00,12,Tuesday,False,1757,24.855284896078878
2024-11-26,2024-11-26 13:00:00,13,Tuesday,False,1622,27.5583063476627
2024-11-26,2024-11-26 14:00:00,14,Tuesday,False,1955,20.88264610494359
2024-11-26,2024-11-26 15:00:00,15,Tuesday,False,1841,23.162175071522135
2024-11-26,2024-11-26 16:00:00,16,Tuesday,False,1455,30.88198352743079
2024-11-26,2024-11-26 17:00:00,17,Tuesday,False,3487,20.0
2024-11-26,2024-11-26 18:00:00,18,Tuesday,False,3816,20.0
2024-11-26,2024-11-26 19:00:00,19,Tuesday,False,3712,20.0
2024-11-26,2024-11-26 20:00:00,20,Tuesday,False,774,44.501335228056774
2024-11-26,2024-11-26 21:00:00,21,Tuesday,False,732,45.34543983537481
2024-11-26,2024-11-26 22:00:00,22,Tuesday,False,697,46.04618231880021
2024-11-26,2024-11-26 23:00:00,23,Tuesday,False,331,53.3712268965714
2024-11-27,2024-11-27 00:00:00,0,Wednesday,False,778,44.436706762271356
2024-11-27,2024-11-27 01:00:00,1,Wednesday,False,695,46.08623654056278
2024-11-27,2024-11-27 02:00:00,2,Wednesday,False,331,53.364632711561185
2024-11-27,2024-11-27 03:00:00,3,Wednesday,False,633,47.32353977219376
2024-11-27,2024-11-27 04:00:00,4,Wednesday,False,399,52.00821027934184
2024-11-27,2024-11-27 05:00:00,5,Wednesday,False,337,53.249018353776414
2024-11-27,2024-11-27 06:00:00,6,Wednesday,False,460,50.79291216388231
2024-11-27,2024-11-27 07:00:00,7,Wednesday,False,2785,20.0
2024-11-27,2024-11-27 08:00:00,8,Wednesday,False,2296,20.0
2024-11-27,2024-11-27 09:00:00,9,Wednesday,False,2880,20.0
2024-11-27,2024-11-27 10:00:00,10,Wednesday,False,1725,25.49983251398436
2024-11-27,2024-11-27 11:00:00,11,Wednesday,False,1980,20.388889669929405
2024-11-27,2024-11-27 12:00:00,12,Wednesday,False,1715,25.681834587616294
2024-11-27,2024-11-27 13:00:00,13,Wednesday,False,1602,27.94501704475661
2024-11-27,2024-11-27 14:00:00,14,Wednesday,False,1778,24.42398577155776
2024-11-27,2024-11-27 15:00:00,15,Wednesday,False,1570,28.58203251663187
2024-11-27,2024-11-27 16:00:00,16,Wednesday,False,1882,22.353343068473414
2024-11-27,2024-11-27 17:00:00,17,Wednesday,False,3131,20.0
2024-11-27,2024-11-27 18:00:00,18,Wednesday,False,3203,20.0
2024-11-27,2024-11-27 19:00:00,19,Wednesday,False,2818,20.0
2024-11-27,2024-11-27 20:00:00,20,Wednesday,False,289,54.20165972351228
2024-11-27,2024-11-27 21:00:00,21,Wednesday,False,461,50.763075665537286
2024-11-27,2024-11-27 22:00:00,22,Wednesday,False,605,47.882175335819674
2024-11-27,2024-11-27 23:00:00,23,Wednesday,False,658,46.834064168192825
2024-11-28,2024-11-28 00:00:00,0,Thursday,False,353,52.93214876742617
2024-11-28,2024-11-28 01:00:00,1,Thursday,False,643,47.125111836513824
2024-11-28,2024-11-28 02:00:00,2,Thursday,False,343,53.13312732988201
2024-11-28,2024-11-28 03:00:00,3,Thursday,False,328,53.426439114012595
2024-11-28,2024-11-28 04:00:00,4,Thursday,False,703,45.93815273782823
2024-11-28,2024-11-28 05:00:00,5,Thursday,False,696,46.066136816636956
2024-11-28,2024-11-28 06:00:00,6,Thursday,False,499,50.013973047118995
2024-11-28,2024-11-28 07:00:00,7,Thursday,False,2783,20.0
2024-11-28,2024-11-28 08:00:00,8,Thursday,False,3240,20.0
2024-11-28,2024-11-28 09:00:00,9,Thursday,False,3037,20.0
2024-11-28,2024-11-28 10:00:00,10,Thursday,False,1844,23.102617579113023
2024-11-28,2024-11-28 11:00:00,11,Thursday,False,1405,31.893364578717993
2024-11-28,2024-11-28 12:00:00,12,Thursday,False,1513,29.739954800379383
2024-11-28,2024-11-28 13:00:00,13,Thursday,False,1827,23.45644967303013
2024-11-28,2024-11-28 14:00:00,14,Thursday,False,1923,21.538308150958976
2024-11-28,2024-11-28 15:00:00,15,Thursday,False,1683,26.3351112236603
2024-11-28,2024-11-28 16:00:00,16,Thursday,False,1828,23.42612493747545
2024-11-28,2024-11-28 17:00:00,17,Thursday,False,3618,20.0
2024-11-28,2024-11-28 18:00:00,18,Thursday,False,3379,20.0
2024-11-28,2024-11-28 19:00:00,19,Thursday,False,4089,20.0
2024-11-28,2024-11-28 20:00:00,20,Thursday,False,414,51.716375229348216
2024-11-28,2024-11-28 21:00:00,21,Thursday,False,304,53.909005192759466
2024-11-28,2024-11-28 22:00:00,22,Thursday,False,425,51.487286415743526
2024-11-28,2024-11-28 23:00:00,23,Thursday,False,767,44.650182747482056
2024-11-29,2024-11-29 00:00:00,0,Friday,False,661,46.773015959419055
2024-11-29,2024-11-29 01:00:00,1,Friday,False,460,50.784627968080386
2024-11-29,2024-11-29 02:00:00,2,Friday,False,720,45.58379524587981
2024-11-29,2024-11-29 03:00:00,3,Friday,False,745,45.098846434083505
2024-11-29,2024-11-29 04:00:00,4,Friday,False,542,49.145933649308624
2024-11-29,2024-11-29 05:00:00,5,Friday,False,583,48.321735716093805
2024-11-29,2024-11-29 06:00:00,6,Friday,False,738,45.22792846179557
2024-11-29,2024-11-29 07:00:00,7,Friday,False,2828,20.0
2024-11-29,2024-11-29 08:00:00,8,Friday,False,3214,20.0
2024-11-29,2024-11-29 09:00:00,9,Friday,False,3205,20.0
2024-11-29,2024-11-29 10:00:00,10,Friday,False,1729,25.419668720907254
2024-11-29,2024-11-29 11:00:00,11,Friday,False,2009,20.0
2024-11-29,2024-11-29 12:00:00,12,Friday,False,1506,29.872227024397162
2024-11-29,2024-11-29 13:00:00,13,Friday,False,1859,22.81998218937509
2024-11-29,2024-11-29 14:00:00,14,Friday,False,1924,21.51567729629531
2024-11-29,2024-11-29 15:00:00,15,Friday,False,1744,25.119868055480218
2024-11-29,2024-11-29 16:00:00,16,Friday,False,1727,25.44484683525495
2024-11-29,2024-11-29 17:00:00,17,Friday,False,3291,20.0
2024-11-29,2024-11-29 18:00:00,18,Friday,False,2930,20.0
2024-11-29,2024-11-29 19:00:00,19,Friday,False,3771,20.0
2024-11-29,2024-11-29 20:00:00,20,Friday,False,606,47.87201346581695
2024-11-29,2024-11-29 21:00:00,21,Friday,False,636,47.279238957106834
2024-11-29,2024-11-29 22:00:00,22,Friday,False,777,44.44687385009194
2024-11-29,2024-11-29 23:00:00,23,Friday,False,382,52.352651850562395
2024-11-30,2024-11-30 00:00:00,0,Saturday,True,503,49.92321053946266
2024-11-30,2024-11-30 01:00:00,1,Saturday,True,641,47.163745123865546
2024-11-30,2024-11-30 02:00:00,2,Saturday,True,625,47.49126900347717
2024-11-30,2024-11-30 03:00:00,3,Saturday,True,802,43.95714895914743
2024-11-30,2024-11-30 04:00:00,4,Saturday,True,466,50.660558007753245
2024-11-30,2024-11-30 05:00:00,5,Saturday,True,441,51.16089357455864
2024-11-30,2024-11-30 06:00:00,6,Saturday,True,794,44.11535260223241
2024-11-30,2024-11-30 07:00:00,7,Saturday,True,961,40.76159186304396
2024-11-30,2024-11-30 08:00:00,8,Saturday,True,806,43.86914749522475
2024-11-30,2024-11-30 09:00:00,9,Saturday,True,482,50.342553132845694
2024-11-30,2024-11-30 10:00:00,10,Saturday,True,1612,27.74038922714702
2024-11-30,2024-11-30 11:00:00,11,Saturday,True,2208,20.0
2024-11-30,2024-11-30 12:00:00,12,Saturday,True,1423,31.53993983843514
2024-11-30,2024-11-30 13:00:00,13,Saturday,True,2121,20.0
2024-11-30,2024-11-30 14:00:00,14,Saturday,True,1818,23.62431973259394
2024-11-30,2024-11-30 15:00:00,15,Saturday,True,1433,31.336961127381688
2024-11-30,2024-11-30 16:00:00,16,Saturday,True,2717,20.0
2024-11-30,2024-11-30 17:00:00,17,Saturday,True,1640,27.181401902348647
2024-11-30,2024-11-30 18:00:00,18,Saturday,True,2296,20.0
2024-11-30,2024-11-30 19:00:00,19,Saturday,True,1960,20.783258172708955
2024-11-30,2024-11-30 20:00:00,20,Saturday,True,2055,20.0
2024-11-30,2024-11-30 21:00:00,21,Saturday,True,438,51.233762666190884
2024-11-30,2024-11-30 22:00:00,22,Saturday,True,608,47.82608587577266
2024-11-30,2024-11-30 23:00:00,23,Saturday,True,539,49.21624763630063
